"","title","writer","page","price"
"1","모던 자바스크립트 핵심 가이드","알베르토 몬탈레시 ",284,17820
"2","고성능 파이썬(2판)","미샤 고렐릭 , 이안 오스발트 ",528,32400
"3","데이터가 뛰어노는 AI 놀이터, 캐글","가도와키 다이스케 , 사카타 류지 , 호사카 게이스케 , 히라마쓰 유지 ",428,31500
"4","데이터 과학을 위한 통계(2판)","피터 브루스 , 앤드루 브루스 , 피터 게데크 ",380,30600
"5","일잘러의 비밀, 구글 스프레드시트 제대로 파헤치기","강남석 ",492,25200
"6","소문난 명강의 : 김상형의 SQL 정복","김상형 ",708,35100
"7","이벤트 기반 마이크로서비스 구축","애덤 벨메어 ",380,25200
"8","파이썬 비동기 라이브러리 Asyncio","케일럽 해팅 ",176,16200
"9","한 권으로 끝내는 Node & Express(2판)","이선 브라운 ",448,25200
"10","맛있는 디자인 어도비 XD CC","임선주 ",364,21600
"11","엑셀 데이터 분석 바이블","최준선 ",712,34200
"12","쿼커스 쿡북","알렉스 소토 부에노 , 제이슨 포터 ",460,31500
"13","실전 시계열 분석","에일린 닐슨 ",568,34200
"14","스파크를 활용한 실시간 처리","제러드 마스 , 프랑수아 가릴로 ",472,34200
"15","게임 엔진 블랙 북 : 둠","파비앙 상글라르 ",472,37800
"16","러닝 SQL","앨런 볼리외 ",456,27000
"17","이야기로 배우는 구글 빅쿼리","구도 마사토 , 스즈키 다쓰히코 , 우에노야마 아키라 , 다카기 도모하루 ",256,18000
"18","쓰면서 익히는 알고리즘과 자료구조","윤대석 ",388,23400
"19","몽고DB 완벽 가이드(3판)","크리스티나 초도로우 , 섀넌 브래드쇼 , 오언 브라질 ",600,32400
"20","맛있는 디자인 프리미어 프로 CC 2021","정지원 , 심수진 , 윤성우 , 김덕영 ",484,21600
"21","모던 자바스크립트 핵심 가이드","알베르토 몬탈레시 ",284,17820
"22","고성능 파이썬(2판)","미샤 고렐릭 , 이안 오스발트 ",528,32400
"23","데이터가 뛰어노는 AI 놀이터, 캐글","가도와키 다이스케 , 사카타 류지 , 호사카 게이스케 , 히라마쓰 유지 ",428,31500
"24","데이터 과학을 위한 통계(2판)","피터 브루스 , 앤드루 브루스 , 피터 게데크 ",380,30600
"25","일잘러의 비밀, 구글 스프레드시트 제대로 파헤치기","강남석 ",492,25200
"26","소문난 명강의 : 김상형의 SQL 정복","김상형 ",708,35100
"27","이벤트 기반 마이크로서비스 구축","애덤 벨메어 ",380,25200
"28","파이썬 비동기 라이브러리 Asyncio","케일럽 해팅 ",176,16200
"29","한 권으로 끝내는 Node & Express(2판)","이선 브라운 ",448,25200
"30","맛있는 디자인 어도비 XD CC","임선주 ",364,21600
"31","엑셀 데이터 분석 바이블","최준선 ",712,34200
"32","쿼커스 쿡북","알렉스 소토 부에노 , 제이슨 포터 ",460,31500
"33","실전 시계열 분석","에일린 닐슨 ",568,34200
"34","스파크를 활용한 실시간 처리","제러드 마스 , 프랑수아 가릴로 ",472,34200
"35","게임 엔진 블랙 북 : 둠","파비앙 상글라르 ",472,37800
"36","러닝 SQL","앨런 볼리외 ",456,27000
"37","이야기로 배우는 구글 빅쿼리","구도 마사토 , 스즈키 다쓰히코 , 우에노야마 아키라 , 다카기 도모하루 ",256,18000
"38","쓰면서 익히는 알고리즘과 자료구조","윤대석 ",388,23400
"39","몽고DB 완벽 가이드(3판)","크리스티나 초도로우 , 섀넌 브래드쇼 , 오언 브라질 ",600,32400
"40","맛있는 디자인 프리미어 프로 CC 2021","정지원 , 심수진 , 윤성우 , 김덕영 ",484,21600
"41","모던 자바스크립트 핵심 가이드","알베르토 몬탈레시 ",284,17820
"42","고성능 파이썬(2판)","미샤 고렐릭 , 이안 오스발트 ",528,32400
"43","데이터가 뛰어노는 AI 놀이터, 캐글","가도와키 다이스케 , 사카타 류지 , 호사카 게이스케 , 히라마쓰 유지 ",428,31500
"44","데이터 과학을 위한 통계(2판)","피터 브루스 , 앤드루 브루스 , 피터 게데크 ",380,30600
"45","일잘러의 비밀, 구글 스프레드시트 제대로 파헤치기","강남석 ",492,25200
"46","소문난 명강의 : 김상형의 SQL 정복","김상형 ",708,35100
"47","이벤트 기반 마이크로서비스 구축","애덤 벨메어 ",380,25200
"48","파이썬 비동기 라이브러리 Asyncio","케일럽 해팅 ",176,16200
"49","한 권으로 끝내는 Node & Express(2판)","이선 브라운 ",448,25200
"50","맛있는 디자인 어도비 XD CC","임선주 ",364,21600
"51","엑셀 데이터 분석 바이블","최준선 ",712,34200
"52","쿼커스 쿡북","알렉스 소토 부에노 , 제이슨 포터 ",460,31500
"53","실전 시계열 분석","에일린 닐슨 ",568,34200
"54","스파크를 활용한 실시간 처리","제러드 마스 , 프랑수아 가릴로 ",472,34200
"55","게임 엔진 블랙 북 : 둠","파비앙 상글라르 ",472,37800
"56","러닝 SQL","앨런 볼리외 ",456,27000
"57","이야기로 배우는 구글 빅쿼리","구도 마사토 , 스즈키 다쓰히코 , 우에노야마 아키라 , 다카기 도모하루 ",256,18000
"58","쓰면서 익히는 알고리즘과 자료구조","윤대석 ",388,23400
"59","몽고DB 완벽 가이드(3판)","크리스티나 초도로우 , 섀넌 브래드쇼 , 오언 브라질 ",600,32400
"60","맛있는 디자인 프리미어 프로 CC 2021","정지원 , 심수진 , 윤성우 , 김덕영 ",484,21600
"61","모던 자바스크립트 핵심 가이드","알베르토 몬탈레시 ",284,17820
"62","고성능 파이썬(2판)","미샤 고렐릭 , 이안 오스발트 ",528,32400
"63","데이터가 뛰어노는 AI 놀이터, 캐글","가도와키 다이스케 , 사카타 류지 , 호사카 게이스케 , 히라마쓰 유지 ",428,31500
"64","데이터 과학을 위한 통계(2판)","피터 브루스 , 앤드루 브루스 , 피터 게데크 ",380,30600
"65","일잘러의 비밀, 구글 스프레드시트 제대로 파헤치기","강남석 ",492,25200
"66","소문난 명강의 : 김상형의 SQL 정복","김상형 ",708,35100
"67","이벤트 기반 마이크로서비스 구축","애덤 벨메어 ",380,25200
"68","파이썬 비동기 라이브러리 Asyncio","케일럽 해팅 ",176,16200
"69","한 권으로 끝내는 Node & Express(2판)","이선 브라운 ",448,25200
"70","맛있는 디자인 어도비 XD CC","임선주 ",364,21600
"71","엑셀 데이터 분석 바이블","최준선 ",712,34200
"72","쿼커스 쿡북","알렉스 소토 부에노 , 제이슨 포터 ",460,31500
"73","실전 시계열 분석","에일린 닐슨 ",568,34200
"74","스파크를 활용한 실시간 처리","제러드 마스 , 프랑수아 가릴로 ",472,34200
"75","게임 엔진 블랙 북 : 둠","파비앙 상글라르 ",472,37800
"76","러닝 SQL","앨런 볼리외 ",456,27000
"77","이야기로 배우는 구글 빅쿼리","구도 마사토 , 스즈키 다쓰히코 , 우에노야마 아키라 , 다카기 도모하루 ",256,18000
"78","쓰면서 익히는 알고리즘과 자료구조","윤대석 ",388,23400
"79","몽고DB 완벽 가이드(3판)","크리스티나 초도로우 , 섀넌 브래드쇼 , 오언 브라질 ",600,32400
"80","맛있는 디자인 프리미어 프로 CC 2021","정지원 , 심수진 , 윤성우 , 김덕영 ",484,21600
"81","모던 자바스크립트 핵심 가이드","알베르토 몬탈레시 ",284,17820
"82","고성능 파이썬(2판)","미샤 고렐릭 , 이안 오스발트 ",528,32400
"83","데이터가 뛰어노는 AI 놀이터, 캐글","가도와키 다이스케 , 사카타 류지 , 호사카 게이스케 , 히라마쓰 유지 ",428,31500
"84","데이터 과학을 위한 통계(2판)","피터 브루스 , 앤드루 브루스 , 피터 게데크 ",380,30600
"85","일잘러의 비밀, 구글 스프레드시트 제대로 파헤치기","강남석 ",492,25200
"86","소문난 명강의 : 김상형의 SQL 정복","김상형 ",708,35100
"87","이벤트 기반 마이크로서비스 구축","애덤 벨메어 ",380,25200
"88","파이썬 비동기 라이브러리 Asyncio","케일럽 해팅 ",176,16200
"89","한 권으로 끝내는 Node & Express(2판)","이선 브라운 ",448,25200
"90","맛있는 디자인 어도비 XD CC","임선주 ",364,21600
"91","엑셀 데이터 분석 바이블","최준선 ",712,34200
"92","쿼커스 쿡북","알렉스 소토 부에노 , 제이슨 포터 ",460,31500
"93","실전 시계열 분석","에일린 닐슨 ",568,34200
"94","스파크를 활용한 실시간 처리","제러드 마스 , 프랑수아 가릴로 ",472,34200
"95","게임 엔진 블랙 북 : 둠","파비앙 상글라르 ",472,37800
"96","러닝 SQL","앨런 볼리외 ",456,27000
"97","이야기로 배우는 구글 빅쿼리","구도 마사토 , 스즈키 다쓰히코 , 우에노야마 아키라 , 다카기 도모하루 ",256,18000
"98","쓰면서 익히는 알고리즘과 자료구조","윤대석 ",388,23400
"99","몽고DB 완벽 가이드(3판)","크리스티나 초도로우 , 섀넌 브래드쇼 , 오언 브라질 ",600,32400
"100","맛있는 디자인 프리미어 프로 CC 2021","정지원 , 심수진 , 윤성우 , 김덕영 ",484,21600
"101","모던 자바스크립트 핵심 가이드","알베르토 몬탈레시 ",284,17820
"102","고성능 파이썬(2판)","미샤 고렐릭 , 이안 오스발트 ",528,32400
"103","데이터가 뛰어노는 AI 놀이터, 캐글","가도와키 다이스케 , 사카타 류지 , 호사카 게이스케 , 히라마쓰 유지 ",428,31500
"104","데이터 과학을 위한 통계(2판)","피터 브루스 , 앤드루 브루스 , 피터 게데크 ",380,30600
"105","일잘러의 비밀, 구글 스프레드시트 제대로 파헤치기","강남석 ",492,25200
"106","소문난 명강의 : 김상형의 SQL 정복","김상형 ",708,35100
"107","이벤트 기반 마이크로서비스 구축","애덤 벨메어 ",380,25200
"108","파이썬 비동기 라이브러리 Asyncio","케일럽 해팅 ",176,16200
"109","한 권으로 끝내는 Node & Express(2판)","이선 브라운 ",448,25200
"110","맛있는 디자인 어도비 XD CC","임선주 ",364,21600
"111","엑셀 데이터 분석 바이블","최준선 ",712,34200
"112","쿼커스 쿡북","알렉스 소토 부에노 , 제이슨 포터 ",460,31500
"113","실전 시계열 분석","에일린 닐슨 ",568,34200
"114","스파크를 활용한 실시간 처리","제러드 마스 , 프랑수아 가릴로 ",472,34200
"115","게임 엔진 블랙 북 : 둠","파비앙 상글라르 ",472,37800
"116","러닝 SQL","앨런 볼리외 ",456,27000
"117","이야기로 배우는 구글 빅쿼리","구도 마사토 , 스즈키 다쓰히코 , 우에노야마 아키라 , 다카기 도모하루 ",256,18000
"118","쓰면서 익히는 알고리즘과 자료구조","윤대석 ",388,23400
"119","몽고DB 완벽 가이드(3판)","크리스티나 초도로우 , 섀넌 브래드쇼 , 오언 브라질 ",600,32400
"120","맛있는 디자인 프리미어 프로 CC 2021","정지원 , 심수진 , 윤성우 , 김덕영 ",484,21600
"121","모던 자바스크립트 핵심 가이드","알베르토 몬탈레시 ",284,17820
"122","고성능 파이썬(2판)","미샤 고렐릭 , 이안 오스발트 ",528,32400
"123","데이터가 뛰어노는 AI 놀이터, 캐글","가도와키 다이스케 , 사카타 류지 , 호사카 게이스케 , 히라마쓰 유지 ",428,31500
"124","데이터 과학을 위한 통계(2판)","피터 브루스 , 앤드루 브루스 , 피터 게데크 ",380,30600
"125","일잘러의 비밀, 구글 스프레드시트 제대로 파헤치기","강남석 ",492,25200
"126","소문난 명강의 : 김상형의 SQL 정복","김상형 ",708,35100
"127","이벤트 기반 마이크로서비스 구축","애덤 벨메어 ",380,25200
"128","파이썬 비동기 라이브러리 Asyncio","케일럽 해팅 ",176,16200
"129","한 권으로 끝내는 Node & Express(2판)","이선 브라운 ",448,25200
"130","맛있는 디자인 어도비 XD CC","임선주 ",364,21600
"131","엑셀 데이터 분석 바이블","최준선 ",712,34200
"132","쿼커스 쿡북","알렉스 소토 부에노 , 제이슨 포터 ",460,31500
"133","실전 시계열 분석","에일린 닐슨 ",568,34200
"134","스파크를 활용한 실시간 처리","제러드 마스 , 프랑수아 가릴로 ",472,34200
"135","게임 엔진 블랙 북 : 둠","파비앙 상글라르 ",472,37800
"136","러닝 SQL","앨런 볼리외 ",456,27000
"137","이야기로 배우는 구글 빅쿼리","구도 마사토 , 스즈키 다쓰히코 , 우에노야마 아키라 , 다카기 도모하루 ",256,18000
"138","쓰면서 익히는 알고리즘과 자료구조","윤대석 ",388,23400
"139","몽고DB 완벽 가이드(3판)","크리스티나 초도로우 , 섀넌 브래드쇼 , 오언 브라질 ",600,32400
"140","맛있는 디자인 프리미어 프로 CC 2021","정지원 , 심수진 , 윤성우 , 김덕영 ",484,21600
"141","모던 자바스크립트 핵심 가이드","알베르토 몬탈레시 ",284,17820
"142","고성능 파이썬(2판)","미샤 고렐릭 , 이안 오스발트 ",528,32400
"143","데이터가 뛰어노는 AI 놀이터, 캐글","가도와키 다이스케 , 사카타 류지 , 호사카 게이스케 , 히라마쓰 유지 ",428,31500
"144","데이터 과학을 위한 통계(2판)","피터 브루스 , 앤드루 브루스 , 피터 게데크 ",380,30600
"145","일잘러의 비밀, 구글 스프레드시트 제대로 파헤치기","강남석 ",492,25200
"146","소문난 명강의 : 김상형의 SQL 정복","김상형 ",708,35100
"147","이벤트 기반 마이크로서비스 구축","애덤 벨메어 ",380,25200
"148","파이썬 비동기 라이브러리 Asyncio","케일럽 해팅 ",176,16200
"149","한 권으로 끝내는 Node & Express(2판)","이선 브라운 ",448,25200
"150","맛있는 디자인 어도비 XD CC","임선주 ",364,21600
"151","엑셀 데이터 분석 바이블","최준선 ",712,34200
"152","쿼커스 쿡북","알렉스 소토 부에노 , 제이슨 포터 ",460,31500
"153","실전 시계열 분석","에일린 닐슨 ",568,34200
"154","스파크를 활용한 실시간 처리","제러드 마스 , 프랑수아 가릴로 ",472,34200
"155","게임 엔진 블랙 북 : 둠","파비앙 상글라르 ",472,37800
"156","러닝 SQL","앨런 볼리외 ",456,27000
"157","이야기로 배우는 구글 빅쿼리","구도 마사토 , 스즈키 다쓰히코 , 우에노야마 아키라 , 다카기 도모하루 ",256,18000
"158","쓰면서 익히는 알고리즘과 자료구조","윤대석 ",388,23400
"159","몽고DB 완벽 가이드(3판)","크리스티나 초도로우 , 섀넌 브래드쇼 , 오언 브라질 ",600,32400
"160","맛있는 디자인 프리미어 프로 CC 2021","정지원 , 심수진 , 윤성우 , 김덕영 ",484,21600
"161","모던 자바스크립트 핵심 가이드","알베르토 몬탈레시 ",284,17820
"162","고성능 파이썬(2판)","미샤 고렐릭 , 이안 오스발트 ",528,32400
"163","데이터가 뛰어노는 AI 놀이터, 캐글","가도와키 다이스케 , 사카타 류지 , 호사카 게이스케 , 히라마쓰 유지 ",428,31500
"164","데이터 과학을 위한 통계(2판)","피터 브루스 , 앤드루 브루스 , 피터 게데크 ",380,30600
"165","일잘러의 비밀, 구글 스프레드시트 제대로 파헤치기","강남석 ",492,25200
"166","소문난 명강의 : 김상형의 SQL 정복","김상형 ",708,35100
"167","이벤트 기반 마이크로서비스 구축","애덤 벨메어 ",380,25200
"168","파이썬 비동기 라이브러리 Asyncio","케일럽 해팅 ",176,16200
"169","한 권으로 끝내는 Node & Express(2판)","이선 브라운 ",448,25200
"170","맛있는 디자인 어도비 XD CC","임선주 ",364,21600
"171","엑셀 데이터 분석 바이블","최준선 ",712,34200
"172","쿼커스 쿡북","알렉스 소토 부에노 , 제이슨 포터 ",460,31500
"173","실전 시계열 분석","에일린 닐슨 ",568,34200
"174","스파크를 활용한 실시간 처리","제러드 마스 , 프랑수아 가릴로 ",472,34200
"175","게임 엔진 블랙 북 : 둠","파비앙 상글라르 ",472,37800
"176","러닝 SQL","앨런 볼리외 ",456,27000
"177","이야기로 배우는 구글 빅쿼리","구도 마사토 , 스즈키 다쓰히코 , 우에노야마 아키라 , 다카기 도모하루 ",256,18000
"178","쓰면서 익히는 알고리즘과 자료구조","윤대석 ",388,23400
"179","몽고DB 완벽 가이드(3판)","크리스티나 초도로우 , 섀넌 브래드쇼 , 오언 브라질 ",600,32400
"180","맛있는 디자인 프리미어 프로 CC 2021","정지원 , 심수진 , 윤성우 , 김덕영 ",484,21600
"181","모던 자바스크립트 핵심 가이드","알베르토 몬탈레시 ",284,17820
"182","고성능 파이썬(2판)","미샤 고렐릭 , 이안 오스발트 ",528,32400
"183","데이터가 뛰어노는 AI 놀이터, 캐글","가도와키 다이스케 , 사카타 류지 , 호사카 게이스케 , 히라마쓰 유지 ",428,31500
"184","데이터 과학을 위한 통계(2판)","피터 브루스 , 앤드루 브루스 , 피터 게데크 ",380,30600
"185","일잘러의 비밀, 구글 스프레드시트 제대로 파헤치기","강남석 ",492,25200
"186","소문난 명강의 : 김상형의 SQL 정복","김상형 ",708,35100
"187","이벤트 기반 마이크로서비스 구축","애덤 벨메어 ",380,25200
"188","파이썬 비동기 라이브러리 Asyncio","케일럽 해팅 ",176,16200
"189","한 권으로 끝내는 Node & Express(2판)","이선 브라운 ",448,25200
"190","맛있는 디자인 어도비 XD CC","임선주 ",364,21600
"191","엑셀 데이터 분석 바이블","최준선 ",712,34200
"192","쿼커스 쿡북","알렉스 소토 부에노 , 제이슨 포터 ",460,31500
"193","실전 시계열 분석","에일린 닐슨 ",568,34200
"194","스파크를 활용한 실시간 처리","제러드 마스 , 프랑수아 가릴로 ",472,34200
"195","게임 엔진 블랙 북 : 둠","파비앙 상글라르 ",472,37800
"196","러닝 SQL","앨런 볼리외 ",456,27000
"197","이야기로 배우는 구글 빅쿼리","구도 마사토 , 스즈키 다쓰히코 , 우에노야마 아키라 , 다카기 도모하루 ",256,18000
"198","쓰면서 익히는 알고리즘과 자료구조","윤대석 ",388,23400
"199","몽고DB 완벽 가이드(3판)","크리스티나 초도로우 , 섀넌 브래드쇼 , 오언 브라질 ",600,32400
"200","맛있는 디자인 프리미어 프로 CC 2021","정지원 , 심수진 , 윤성우 , 김덕영 ",484,21600
"201","모던 자바스크립트 핵심 가이드","알베르토 몬탈레시 ",284,17820
"202","고성능 파이썬(2판)","미샤 고렐릭 , 이안 오스발트 ",528,32400
"203","데이터가 뛰어노는 AI 놀이터, 캐글","가도와키 다이스케 , 사카타 류지 , 호사카 게이스케 , 히라마쓰 유지 ",428,31500
"204","데이터 과학을 위한 통계(2판)","피터 브루스 , 앤드루 브루스 , 피터 게데크 ",380,30600
"205","일잘러의 비밀, 구글 스프레드시트 제대로 파헤치기","강남석 ",492,25200
"206","소문난 명강의 : 김상형의 SQL 정복","김상형 ",708,35100
"207","이벤트 기반 마이크로서비스 구축","애덤 벨메어 ",380,25200
"208","파이썬 비동기 라이브러리 Asyncio","케일럽 해팅 ",176,16200
"209","한 권으로 끝내는 Node & Express(2판)","이선 브라운 ",448,25200
"210","맛있는 디자인 어도비 XD CC","임선주 ",364,21600
"211","엑셀 데이터 분석 바이블","최준선 ",712,34200
"212","쿼커스 쿡북","알렉스 소토 부에노 , 제이슨 포터 ",460,31500
"213","실전 시계열 분석","에일린 닐슨 ",568,34200
"214","스파크를 활용한 실시간 처리","제러드 마스 , 프랑수아 가릴로 ",472,34200
"215","게임 엔진 블랙 북 : 둠","파비앙 상글라르 ",472,37800
"216","러닝 SQL","앨런 볼리외 ",456,27000
"217","이야기로 배우는 구글 빅쿼리","구도 마사토 , 스즈키 다쓰히코 , 우에노야마 아키라 , 다카기 도모하루 ",256,18000
"218","쓰면서 익히는 알고리즘과 자료구조","윤대석 ",388,23400
"219","몽고DB 완벽 가이드(3판)","크리스티나 초도로우 , 섀넌 브래드쇼 , 오언 브라질 ",600,32400
"220","맛있는 디자인 프리미어 프로 CC 2021","정지원 , 심수진 , 윤성우 , 김덕영 ",484,21600
"221","모던 자바스크립트 핵심 가이드","알베르토 몬탈레시 ",284,17820
"222","고성능 파이썬(2판)","미샤 고렐릭 , 이안 오스발트 ",528,32400
"223","데이터가 뛰어노는 AI 놀이터, 캐글","가도와키 다이스케 , 사카타 류지 , 호사카 게이스케 , 히라마쓰 유지 ",428,31500
"224","데이터 과학을 위한 통계(2판)","피터 브루스 , 앤드루 브루스 , 피터 게데크 ",380,30600
"225","일잘러의 비밀, 구글 스프레드시트 제대로 파헤치기","강남석 ",492,25200
"226","소문난 명강의 : 김상형의 SQL 정복","김상형 ",708,35100
"227","이벤트 기반 마이크로서비스 구축","애덤 벨메어 ",380,25200
"228","파이썬 비동기 라이브러리 Asyncio","케일럽 해팅 ",176,16200
"229","한 권으로 끝내는 Node & Express(2판)","이선 브라운 ",448,25200
"230","맛있는 디자인 어도비 XD CC","임선주 ",364,21600
"231","엑셀 데이터 분석 바이블","최준선 ",712,34200
"232","쿼커스 쿡북","알렉스 소토 부에노 , 제이슨 포터 ",460,31500
"233","실전 시계열 분석","에일린 닐슨 ",568,34200
"234","스파크를 활용한 실시간 처리","제러드 마스 , 프랑수아 가릴로 ",472,34200
"235","게임 엔진 블랙 북 : 둠","파비앙 상글라르 ",472,37800
"236","러닝 SQL","앨런 볼리외 ",456,27000
"237","이야기로 배우는 구글 빅쿼리","구도 마사토 , 스즈키 다쓰히코 , 우에노야마 아키라 , 다카기 도모하루 ",256,18000
"238","쓰면서 익히는 알고리즘과 자료구조","윤대석 ",388,23400
"239","몽고DB 완벽 가이드(3판)","크리스티나 초도로우 , 섀넌 브래드쇼 , 오언 브라질 ",600,32400
"240","맛있는 디자인 프리미어 프로 CC 2021","정지원 , 심수진 , 윤성우 , 김덕영 ",484,21600
"241","모던 자바스크립트 핵심 가이드","알베르토 몬탈레시 ",284,17820
"242","고성능 파이썬(2판)","미샤 고렐릭 , 이안 오스발트 ",528,32400
"243","데이터가 뛰어노는 AI 놀이터, 캐글","가도와키 다이스케 , 사카타 류지 , 호사카 게이스케 , 히라마쓰 유지 ",428,31500
"244","데이터 과학을 위한 통계(2판)","피터 브루스 , 앤드루 브루스 , 피터 게데크 ",380,30600
"245","일잘러의 비밀, 구글 스프레드시트 제대로 파헤치기","강남석 ",492,25200
"246","소문난 명강의 : 김상형의 SQL 정복","김상형 ",708,35100
"247","이벤트 기반 마이크로서비스 구축","애덤 벨메어 ",380,25200
"248","파이썬 비동기 라이브러리 Asyncio","케일럽 해팅 ",176,16200
"249","한 권으로 끝내는 Node & Express(2판)","이선 브라운 ",448,25200
"250","맛있는 디자인 어도비 XD CC","임선주 ",364,21600
"251","엑셀 데이터 분석 바이블","최준선 ",712,34200
"252","쿼커스 쿡북","알렉스 소토 부에노 , 제이슨 포터 ",460,31500
"253","실전 시계열 분석","에일린 닐슨 ",568,34200
"254","스파크를 활용한 실시간 처리","제러드 마스 , 프랑수아 가릴로 ",472,34200
"255","게임 엔진 블랙 북 : 둠","파비앙 상글라르 ",472,37800
"256","러닝 SQL","앨런 볼리외 ",456,27000
"257","이야기로 배우는 구글 빅쿼리","구도 마사토 , 스즈키 다쓰히코 , 우에노야마 아키라 , 다카기 도모하루 ",256,18000
"258","쓰면서 익히는 알고리즘과 자료구조","윤대석 ",388,23400
"259","몽고DB 완벽 가이드(3판)","크리스티나 초도로우 , 섀넌 브래드쇼 , 오언 브라질 ",600,32400
"260","맛있는 디자인 프리미어 프로 CC 2021","정지원 , 심수진 , 윤성우 , 김덕영 ",484,21600
"261","모던 자바스크립트 핵심 가이드","알베르토 몬탈레시 ",284,17820
"262","고성능 파이썬(2판)","미샤 고렐릭 , 이안 오스발트 ",528,32400
"263","데이터가 뛰어노는 AI 놀이터, 캐글","가도와키 다이스케 , 사카타 류지 , 호사카 게이스케 , 히라마쓰 유지 ",428,31500
"264","데이터 과학을 위한 통계(2판)","피터 브루스 , 앤드루 브루스 , 피터 게데크 ",380,30600
"265","일잘러의 비밀, 구글 스프레드시트 제대로 파헤치기","강남석 ",492,25200
"266","소문난 명강의 : 김상형의 SQL 정복","김상형 ",708,35100
"267","이벤트 기반 마이크로서비스 구축","애덤 벨메어 ",380,25200
"268","파이썬 비동기 라이브러리 Asyncio","케일럽 해팅 ",176,16200
"269","한 권으로 끝내는 Node & Express(2판)","이선 브라운 ",448,25200
"270","맛있는 디자인 어도비 XD CC","임선주 ",364,21600
"271","엑셀 데이터 분석 바이블","최준선 ",712,34200
"272","쿼커스 쿡북","알렉스 소토 부에노 , 제이슨 포터 ",460,31500
"273","실전 시계열 분석","에일린 닐슨 ",568,34200
"274","스파크를 활용한 실시간 처리","제러드 마스 , 프랑수아 가릴로 ",472,34200
"275","게임 엔진 블랙 북 : 둠","파비앙 상글라르 ",472,37800
"276","러닝 SQL","앨런 볼리외 ",456,27000
"277","이야기로 배우는 구글 빅쿼리","구도 마사토 , 스즈키 다쓰히코 , 우에노야마 아키라 , 다카기 도모하루 ",256,18000
"278","쓰면서 익히는 알고리즘과 자료구조","윤대석 ",388,23400
"279","몽고DB 완벽 가이드(3판)","크리스티나 초도로우 , 섀넌 브래드쇼 , 오언 브라질 ",600,32400
"280","맛있는 디자인 프리미어 프로 CC 2021","정지원 , 심수진 , 윤성우 , 김덕영 ",484,21600
"281","모던 자바스크립트 핵심 가이드","알베르토 몬탈레시 ",284,17820
"282","고성능 파이썬(2판)","미샤 고렐릭 , 이안 오스발트 ",528,32400
"283","데이터가 뛰어노는 AI 놀이터, 캐글","가도와키 다이스케 , 사카타 류지 , 호사카 게이스케 , 히라마쓰 유지 ",428,31500
"284","데이터 과학을 위한 통계(2판)","피터 브루스 , 앤드루 브루스 , 피터 게데크 ",380,30600
"285","일잘러의 비밀, 구글 스프레드시트 제대로 파헤치기","강남석 ",492,25200
"286","소문난 명강의 : 김상형의 SQL 정복","김상형 ",708,35100
"287","이벤트 기반 마이크로서비스 구축","애덤 벨메어 ",380,25200
"288","파이썬 비동기 라이브러리 Asyncio","케일럽 해팅 ",176,16200
"289","한 권으로 끝내는 Node & Express(2판)","이선 브라운 ",448,25200
"290","맛있는 디자인 어도비 XD CC","임선주 ",364,21600
"291","엑셀 데이터 분석 바이블","최준선 ",712,34200
"292","쿼커스 쿡북","알렉스 소토 부에노 , 제이슨 포터 ",460,31500
"293","실전 시계열 분석","에일린 닐슨 ",568,34200
"294","스파크를 활용한 실시간 처리","제러드 마스 , 프랑수아 가릴로 ",472,34200
"295","게임 엔진 블랙 북 : 둠","파비앙 상글라르 ",472,37800
"296","러닝 SQL","앨런 볼리외 ",456,27000
"297","이야기로 배우는 구글 빅쿼리","구도 마사토 , 스즈키 다쓰히코 , 우에노야마 아키라 , 다카기 도모하루 ",256,18000
"298","쓰면서 익히는 알고리즘과 자료구조","윤대석 ",388,23400
"299","몽고DB 완벽 가이드(3판)","크리스티나 초도로우 , 섀넌 브래드쇼 , 오언 브라질 ",600,32400
"300","맛있는 디자인 프리미어 프로 CC 2021","정지원 , 심수진 , 윤성우 , 김덕영 ",484,21600
"301","모던 자바스크립트 핵심 가이드","알베르토 몬탈레시 ",284,17820
"302","고성능 파이썬(2판)","미샤 고렐릭 , 이안 오스발트 ",528,32400
"303","데이터가 뛰어노는 AI 놀이터, 캐글","가도와키 다이스케 , 사카타 류지 , 호사카 게이스케 , 히라마쓰 유지 ",428,31500
"304","데이터 과학을 위한 통계(2판)","피터 브루스 , 앤드루 브루스 , 피터 게데크 ",380,30600
"305","일잘러의 비밀, 구글 스프레드시트 제대로 파헤치기","강남석 ",492,25200
"306","소문난 명강의 : 김상형의 SQL 정복","김상형 ",708,35100
"307","이벤트 기반 마이크로서비스 구축","애덤 벨메어 ",380,25200
"308","파이썬 비동기 라이브러리 Asyncio","케일럽 해팅 ",176,16200
"309","한 권으로 끝내는 Node & Express(2판)","이선 브라운 ",448,25200
"310","맛있는 디자인 어도비 XD CC","임선주 ",364,21600
"311","엑셀 데이터 분석 바이블","최준선 ",712,34200
"312","쿼커스 쿡북","알렉스 소토 부에노 , 제이슨 포터 ",460,31500
"313","실전 시계열 분석","에일린 닐슨 ",568,34200
"314","스파크를 활용한 실시간 처리","제러드 마스 , 프랑수아 가릴로 ",472,34200
"315","게임 엔진 블랙 북 : 둠","파비앙 상글라르 ",472,37800
"316","러닝 SQL","앨런 볼리외 ",456,27000
"317","이야기로 배우는 구글 빅쿼리","구도 마사토 , 스즈키 다쓰히코 , 우에노야마 아키라 , 다카기 도모하루 ",256,18000
"318","쓰면서 익히는 알고리즘과 자료구조","윤대석 ",388,23400
"319","몽고DB 완벽 가이드(3판)","크리스티나 초도로우 , 섀넌 브래드쇼 , 오언 브라질 ",600,32400
"320","맛있는 디자인 프리미어 프로 CC 2021","정지원 , 심수진 , 윤성우 , 김덕영 ",484,21600
"321","모던 자바스크립트 핵심 가이드","알베르토 몬탈레시 ",284,17820
"322","고성능 파이썬(2판)","미샤 고렐릭 , 이안 오스발트 ",528,32400
"323","데이터가 뛰어노는 AI 놀이터, 캐글","가도와키 다이스케 , 사카타 류지 , 호사카 게이스케 , 히라마쓰 유지 ",428,31500
"324","데이터 과학을 위한 통계(2판)","피터 브루스 , 앤드루 브루스 , 피터 게데크 ",380,30600
"325","일잘러의 비밀, 구글 스프레드시트 제대로 파헤치기","강남석 ",492,25200
"326","소문난 명강의 : 김상형의 SQL 정복","김상형 ",708,35100
"327","이벤트 기반 마이크로서비스 구축","애덤 벨메어 ",380,25200
"328","파이썬 비동기 라이브러리 Asyncio","케일럽 해팅 ",176,16200
"329","한 권으로 끝내는 Node & Express(2판)","이선 브라운 ",448,25200
"330","맛있는 디자인 어도비 XD CC","임선주 ",364,21600
"331","엑셀 데이터 분석 바이블","최준선 ",712,34200
"332","쿼커스 쿡북","알렉스 소토 부에노 , 제이슨 포터 ",460,31500
"333","실전 시계열 분석","에일린 닐슨 ",568,34200
"334","스파크를 활용한 실시간 처리","제러드 마스 , 프랑수아 가릴로 ",472,34200
"335","게임 엔진 블랙 북 : 둠","파비앙 상글라르 ",472,37800
"336","러닝 SQL","앨런 볼리외 ",456,27000
"337","이야기로 배우는 구글 빅쿼리","구도 마사토 , 스즈키 다쓰히코 , 우에노야마 아키라 , 다카기 도모하루 ",256,18000
"338","쓰면서 익히는 알고리즘과 자료구조","윤대석 ",388,23400
"339","몽고DB 완벽 가이드(3판)","크리스티나 초도로우 , 섀넌 브래드쇼 , 오언 브라질 ",600,32400
"340","맛있는 디자인 프리미어 프로 CC 2021","정지원 , 심수진 , 윤성우 , 김덕영 ",484,21600
"341","모던 자바스크립트 핵심 가이드","알베르토 몬탈레시 ",284,17820
"342","고성능 파이썬(2판)","미샤 고렐릭 , 이안 오스발트 ",528,32400
"343","데이터가 뛰어노는 AI 놀이터, 캐글","가도와키 다이스케 , 사카타 류지 , 호사카 게이스케 , 히라마쓰 유지 ",428,31500
"344","데이터 과학을 위한 통계(2판)","피터 브루스 , 앤드루 브루스 , 피터 게데크 ",380,30600
"345","일잘러의 비밀, 구글 스프레드시트 제대로 파헤치기","강남석 ",492,25200
"346","소문난 명강의 : 김상형의 SQL 정복","김상형 ",708,35100
"347","이벤트 기반 마이크로서비스 구축","애덤 벨메어 ",380,25200
"348","파이썬 비동기 라이브러리 Asyncio","케일럽 해팅 ",176,16200
"349","한 권으로 끝내는 Node & Express(2판)","이선 브라운 ",448,25200
"350","맛있는 디자인 어도비 XD CC","임선주 ",364,21600
"351","엑셀 데이터 분석 바이블","최준선 ",712,34200
"352","쿼커스 쿡북","알렉스 소토 부에노 , 제이슨 포터 ",460,31500
"353","실전 시계열 분석","에일린 닐슨 ",568,34200
"354","스파크를 활용한 실시간 처리","제러드 마스 , 프랑수아 가릴로 ",472,34200
"355","게임 엔진 블랙 북 : 둠","파비앙 상글라르 ",472,37800
"356","러닝 SQL","앨런 볼리외 ",456,27000
"357","이야기로 배우는 구글 빅쿼리","구도 마사토 , 스즈키 다쓰히코 , 우에노야마 아키라 , 다카기 도모하루 ",256,18000
"358","쓰면서 익히는 알고리즘과 자료구조","윤대석 ",388,23400
"359","몽고DB 완벽 가이드(3판)","크리스티나 초도로우 , 섀넌 브래드쇼 , 오언 브라질 ",600,32400
"360","맛있는 디자인 프리미어 프로 CC 2021","정지원 , 심수진 , 윤성우 , 김덕영 ",484,21600
"361","모던 자바스크립트 핵심 가이드","알베르토 몬탈레시 ",284,17820
"362","고성능 파이썬(2판)","미샤 고렐릭 , 이안 오스발트 ",528,32400
"363","데이터가 뛰어노는 AI 놀이터, 캐글","가도와키 다이스케 , 사카타 류지 , 호사카 게이스케 , 히라마쓰 유지 ",428,31500
"364","데이터 과학을 위한 통계(2판)","피터 브루스 , 앤드루 브루스 , 피터 게데크 ",380,30600
"365","일잘러의 비밀, 구글 스프레드시트 제대로 파헤치기","강남석 ",492,25200
"366","소문난 명강의 : 김상형의 SQL 정복","김상형 ",708,35100
"367","이벤트 기반 마이크로서비스 구축","애덤 벨메어 ",380,25200
"368","파이썬 비동기 라이브러리 Asyncio","케일럽 해팅 ",176,16200
"369","한 권으로 끝내는 Node & Express(2판)","이선 브라운 ",448,25200
"370","맛있는 디자인 어도비 XD CC","임선주 ",364,21600
"371","엑셀 데이터 분석 바이블","최준선 ",712,34200
"372","쿼커스 쿡북","알렉스 소토 부에노 , 제이슨 포터 ",460,31500
"373","실전 시계열 분석","에일린 닐슨 ",568,34200
"374","스파크를 활용한 실시간 처리","제러드 마스 , 프랑수아 가릴로 ",472,34200
"375","게임 엔진 블랙 북 : 둠","파비앙 상글라르 ",472,37800
"376","러닝 SQL","앨런 볼리외 ",456,27000
"377","이야기로 배우는 구글 빅쿼리","구도 마사토 , 스즈키 다쓰히코 , 우에노야마 아키라 , 다카기 도모하루 ",256,18000
"378","쓰면서 익히는 알고리즘과 자료구조","윤대석 ",388,23400
"379","몽고DB 완벽 가이드(3판)","크리스티나 초도로우 , 섀넌 브래드쇼 , 오언 브라질 ",600,32400
"380","맛있는 디자인 프리미어 프로 CC 2021","정지원 , 심수진 , 윤성우 , 김덕영 ",484,21600
"381","모던 자바스크립트 핵심 가이드","알베르토 몬탈레시 ",284,17820
"382","고성능 파이썬(2판)","미샤 고렐릭 , 이안 오스발트 ",528,32400
"383","데이터가 뛰어노는 AI 놀이터, 캐글","가도와키 다이스케 , 사카타 류지 , 호사카 게이스케 , 히라마쓰 유지 ",428,31500
"384","데이터 과학을 위한 통계(2판)","피터 브루스 , 앤드루 브루스 , 피터 게데크 ",380,30600
"385","일잘러의 비밀, 구글 스프레드시트 제대로 파헤치기","강남석 ",492,25200
"386","소문난 명강의 : 김상형의 SQL 정복","김상형 ",708,35100
"387","이벤트 기반 마이크로서비스 구축","애덤 벨메어 ",380,25200
"388","파이썬 비동기 라이브러리 Asyncio","케일럽 해팅 ",176,16200
"389","한 권으로 끝내는 Node & Express(2판)","이선 브라운 ",448,25200
"390","맛있는 디자인 어도비 XD CC","임선주 ",364,21600
"391","엑셀 데이터 분석 바이블","최준선 ",712,34200
"392","쿼커스 쿡북","알렉스 소토 부에노 , 제이슨 포터 ",460,31500
"393","실전 시계열 분석","에일린 닐슨 ",568,34200
"394","스파크를 활용한 실시간 처리","제러드 마스 , 프랑수아 가릴로 ",472,34200
"395","게임 엔진 블랙 북 : 둠","파비앙 상글라르 ",472,37800
"396","러닝 SQL","앨런 볼리외 ",456,27000
"397","이야기로 배우는 구글 빅쿼리","구도 마사토 , 스즈키 다쓰히코 , 우에노야마 아키라 , 다카기 도모하루 ",256,18000
"398","쓰면서 익히는 알고리즘과 자료구조","윤대석 ",388,23400
"399","몽고DB 완벽 가이드(3판)","크리스티나 초도로우 , 섀넌 브래드쇼 , 오언 브라질 ",600,32400
"400","맛있는 디자인 프리미어 프로 CC 2021","정지원 , 심수진 , 윤성우 , 김덕영 ",484,21600
"401","모던 자바스크립트 핵심 가이드","알베르토 몬탈레시 ",284,17820
"402","고성능 파이썬(2판)","미샤 고렐릭 , 이안 오스발트 ",528,32400
"403","데이터가 뛰어노는 AI 놀이터, 캐글","가도와키 다이스케 , 사카타 류지 , 호사카 게이스케 , 히라마쓰 유지 ",428,31500
"404","데이터 과학을 위한 통계(2판)","피터 브루스 , 앤드루 브루스 , 피터 게데크 ",380,30600
"405","일잘러의 비밀, 구글 스프레드시트 제대로 파헤치기","강남석 ",492,25200
"406","소문난 명강의 : 김상형의 SQL 정복","김상형 ",708,35100
"407","이벤트 기반 마이크로서비스 구축","애덤 벨메어 ",380,25200
"408","파이썬 비동기 라이브러리 Asyncio","케일럽 해팅 ",176,16200
"409","한 권으로 끝내는 Node & Express(2판)","이선 브라운 ",448,25200
"410","맛있는 디자인 어도비 XD CC","임선주 ",364,21600
"411","엑셀 데이터 분석 바이블","최준선 ",712,34200
"412","쿼커스 쿡북","알렉스 소토 부에노 , 제이슨 포터 ",460,31500
"413","실전 시계열 분석","에일린 닐슨 ",568,34200
"414","스파크를 활용한 실시간 처리","제러드 마스 , 프랑수아 가릴로 ",472,34200
"415","게임 엔진 블랙 북 : 둠","파비앙 상글라르 ",472,37800
"416","러닝 SQL","앨런 볼리외 ",456,27000
"417","이야기로 배우는 구글 빅쿼리","구도 마사토 , 스즈키 다쓰히코 , 우에노야마 아키라 , 다카기 도모하루 ",256,18000
"418","쓰면서 익히는 알고리즘과 자료구조","윤대석 ",388,23400
"419","몽고DB 완벽 가이드(3판)","크리스티나 초도로우 , 섀넌 브래드쇼 , 오언 브라질 ",600,32400
"420","맛있는 디자인 프리미어 프로 CC 2021","정지원 , 심수진 , 윤성우 , 김덕영 ",484,21600
"421","모던 자바스크립트 핵심 가이드","알베르토 몬탈레시 ",284,17820
"422","고성능 파이썬(2판)","미샤 고렐릭 , 이안 오스발트 ",528,32400
"423","데이터가 뛰어노는 AI 놀이터, 캐글","가도와키 다이스케 , 사카타 류지 , 호사카 게이스케 , 히라마쓰 유지 ",428,31500
"424","데이터 과학을 위한 통계(2판)","피터 브루스 , 앤드루 브루스 , 피터 게데크 ",380,30600
"425","일잘러의 비밀, 구글 스프레드시트 제대로 파헤치기","강남석 ",492,25200
"426","소문난 명강의 : 김상형의 SQL 정복","김상형 ",708,35100
"427","이벤트 기반 마이크로서비스 구축","애덤 벨메어 ",380,25200
"428","파이썬 비동기 라이브러리 Asyncio","케일럽 해팅 ",176,16200
"429","한 권으로 끝내는 Node & Express(2판)","이선 브라운 ",448,25200
"430","맛있는 디자인 어도비 XD CC","임선주 ",364,21600
"431","엑셀 데이터 분석 바이블","최준선 ",712,34200
"432","쿼커스 쿡북","알렉스 소토 부에노 , 제이슨 포터 ",460,31500
"433","실전 시계열 분석","에일린 닐슨 ",568,34200
"434","스파크를 활용한 실시간 처리","제러드 마스 , 프랑수아 가릴로 ",472,34200
"435","게임 엔진 블랙 북 : 둠","파비앙 상글라르 ",472,37800
"436","러닝 SQL","앨런 볼리외 ",456,27000
"437","이야기로 배우는 구글 빅쿼리","구도 마사토 , 스즈키 다쓰히코 , 우에노야마 아키라 , 다카기 도모하루 ",256,18000
"438","쓰면서 익히는 알고리즘과 자료구조","윤대석 ",388,23400
"439","몽고DB 완벽 가이드(3판)","크리스티나 초도로우 , 섀넌 브래드쇼 , 오언 브라질 ",600,32400
"440","맛있는 디자인 프리미어 프로 CC 2021","정지원 , 심수진 , 윤성우 , 김덕영 ",484,21600
"441","모던 자바스크립트 핵심 가이드","알베르토 몬탈레시 ",284,17820
"442","고성능 파이썬(2판)","미샤 고렐릭 , 이안 오스발트 ",528,32400
"443","데이터가 뛰어노는 AI 놀이터, 캐글","가도와키 다이스케 , 사카타 류지 , 호사카 게이스케 , 히라마쓰 유지 ",428,31500
"444","데이터 과학을 위한 통계(2판)","피터 브루스 , 앤드루 브루스 , 피터 게데크 ",380,30600
"445","일잘러의 비밀, 구글 스프레드시트 제대로 파헤치기","강남석 ",492,25200
"446","소문난 명강의 : 김상형의 SQL 정복","김상형 ",708,35100
"447","이벤트 기반 마이크로서비스 구축","애덤 벨메어 ",380,25200
"448","파이썬 비동기 라이브러리 Asyncio","케일럽 해팅 ",176,16200
"449","한 권으로 끝내는 Node & Express(2판)","이선 브라운 ",448,25200
"450","맛있는 디자인 어도비 XD CC","임선주 ",364,21600
"451","엑셀 데이터 분석 바이블","최준선 ",712,34200
"452","쿼커스 쿡북","알렉스 소토 부에노 , 제이슨 포터 ",460,31500
"453","실전 시계열 분석","에일린 닐슨 ",568,34200
"454","스파크를 활용한 실시간 처리","제러드 마스 , 프랑수아 가릴로 ",472,34200
"455","게임 엔진 블랙 북 : 둠","파비앙 상글라르 ",472,37800
"456","러닝 SQL","앨런 볼리외 ",456,27000
"457","이야기로 배우는 구글 빅쿼리","구도 마사토 , 스즈키 다쓰히코 , 우에노야마 아키라 , 다카기 도모하루 ",256,18000
"458","쓰면서 익히는 알고리즘과 자료구조","윤대석 ",388,23400
"459","몽고DB 완벽 가이드(3판)","크리스티나 초도로우 , 섀넌 브래드쇼 , 오언 브라질 ",600,32400
"460","맛있는 디자인 프리미어 프로 CC 2021","정지원 , 심수진 , 윤성우 , 김덕영 ",484,21600
"461","모던 자바스크립트 핵심 가이드","알베르토 몬탈레시 ",284,17820
"462","고성능 파이썬(2판)","미샤 고렐릭 , 이안 오스발트 ",528,32400
"463","데이터가 뛰어노는 AI 놀이터, 캐글","가도와키 다이스케 , 사카타 류지 , 호사카 게이스케 , 히라마쓰 유지 ",428,31500
"464","데이터 과학을 위한 통계(2판)","피터 브루스 , 앤드루 브루스 , 피터 게데크 ",380,30600
"465","일잘러의 비밀, 구글 스프레드시트 제대로 파헤치기","강남석 ",492,25200
"466","소문난 명강의 : 김상형의 SQL 정복","김상형 ",708,35100
"467","이벤트 기반 마이크로서비스 구축","애덤 벨메어 ",380,25200
"468","파이썬 비동기 라이브러리 Asyncio","케일럽 해팅 ",176,16200
"469","한 권으로 끝내는 Node & Express(2판)","이선 브라운 ",448,25200
"470","맛있는 디자인 어도비 XD CC","임선주 ",364,21600
"471","엑셀 데이터 분석 바이블","최준선 ",712,34200
"472","쿼커스 쿡북","알렉스 소토 부에노 , 제이슨 포터 ",460,31500
"473","실전 시계열 분석","에일린 닐슨 ",568,34200
"474","스파크를 활용한 실시간 처리","제러드 마스 , 프랑수아 가릴로 ",472,34200
"475","게임 엔진 블랙 북 : 둠","파비앙 상글라르 ",472,37800
"476","러닝 SQL","앨런 볼리외 ",456,27000
"477","이야기로 배우는 구글 빅쿼리","구도 마사토 , 스즈키 다쓰히코 , 우에노야마 아키라 , 다카기 도모하루 ",256,18000
"478","쓰면서 익히는 알고리즘과 자료구조","윤대석 ",388,23400
"479","몽고DB 완벽 가이드(3판)","크리스티나 초도로우 , 섀넌 브래드쇼 , 오언 브라질 ",600,32400
"480","맛있는 디자인 프리미어 프로 CC 2021","정지원 , 심수진 , 윤성우 , 김덕영 ",484,21600
"481","모던 자바스크립트 핵심 가이드","알베르토 몬탈레시 ",284,17820
"482","고성능 파이썬(2판)","미샤 고렐릭 , 이안 오스발트 ",528,32400
"483","데이터가 뛰어노는 AI 놀이터, 캐글","가도와키 다이스케 , 사카타 류지 , 호사카 게이스케 , 히라마쓰 유지 ",428,31500
"484","데이터 과학을 위한 통계(2판)","피터 브루스 , 앤드루 브루스 , 피터 게데크 ",380,30600
"485","일잘러의 비밀, 구글 스프레드시트 제대로 파헤치기","강남석 ",492,25200
"486","소문난 명강의 : 김상형의 SQL 정복","김상형 ",708,35100
"487","이벤트 기반 마이크로서비스 구축","애덤 벨메어 ",380,25200
"488","파이썬 비동기 라이브러리 Asyncio","케일럽 해팅 ",176,16200
"489","한 권으로 끝내는 Node & Express(2판)","이선 브라운 ",448,25200
"490","맛있는 디자인 어도비 XD CC","임선주 ",364,21600
"491","엑셀 데이터 분석 바이블","최준선 ",712,34200
"492","쿼커스 쿡북","알렉스 소토 부에노 , 제이슨 포터 ",460,31500
"493","실전 시계열 분석","에일린 닐슨 ",568,34200
"494","스파크를 활용한 실시간 처리","제러드 마스 , 프랑수아 가릴로 ",472,34200
"495","게임 엔진 블랙 북 : 둠","파비앙 상글라르 ",472,37800
"496","러닝 SQL","앨런 볼리외 ",456,27000
"497","이야기로 배우는 구글 빅쿼리","구도 마사토 , 스즈키 다쓰히코 , 우에노야마 아키라 , 다카기 도모하루 ",256,18000
"498","쓰면서 익히는 알고리즘과 자료구조","윤대석 ",388,23400
"499","몽고DB 완벽 가이드(3판)","크리스티나 초도로우 , 섀넌 브래드쇼 , 오언 브라질 ",600,32400
"500","맛있는 디자인 프리미어 프로 CC 2021","정지원 , 심수진 , 윤성우 , 김덕영 ",484,21600
